openness,conscientiousness,extraversion,agreeableness,neuroticism
74.93428306022466,87.18839785854804,43.14607795056361,37.475079073961744,27.73012790070132
62.23471397657631,78.64340629242983,54.820589244258606,54.23383982752797,44.37593022121832
77.95377076201385,63.07334665856313,40.56676173800085,61.38231146525369,45.360337440888934
95.46059712816052,50.35513800129967,51.22484634794111,98.20300251744305,54.45260691686811
60.31693250553328,74.56801964504461,16.340477327016714,76.90484999254014,17.66283273438347
60.317260861016386,69.08273693759149,62.69246156220465,46.63229489440174,56.85134547694661
96.58425631014782,78.11347796049918,58.026520457968935,75.77658063068219,0.0
80.34869458305818,73.43309243027545,40.02405011649981,43.243136176986155,32.40230895272379
55.610512281300956,80.89194887574803,72.5034047055129,85.32305686219317,35.23452315096911
75.8512008717193,52.36576619190978,78.62654302778428,60.462005570913945,57.66653652142477
55.73164614375075,85.71309318141786,22.633682983882572,66.50182098017326,45.45261705353738
55.68540492859486,65.55679288446319,41.22005487154328,89.21274636067504,16.888738922874268
69.83924543132068,99.35469570725478,41.07886830467944,47.405382902652,25.300137483659697
26.73439510684404,49.59461927438778,37.32213177560497,45.64610903819214,48.97360019094814
30.501643349739346,93.24734845697449,76.24844652249847,58.66241077846392,43.41865316270887
53.754249415180546,65.56239410232766,53.73582494699832,84.61406161630907,33.41751780728507
44.74337759331152,50.27447593493993,52.180673491166566,43.690462792370525,35.38332420976042
71.28494665190547,53.29005498702221,13.915027983051424,22.6855104302309,58.92335994318578
46.83951848957578,56.23374845250224,71.97919666460298,60.78145826545602,34.646148542615705
36.75392597329417,69.6349870352345,30.736315313223603,76.82785279857472,43.238175119418536
94.31297537843108,71.41103878463899,59.31851786585922,87.20418799582127,88.39873176161086
60.48447399026929,51.67339992910558,64.10229263508022,60.58941820663362,16.52634726232154
66.35056409375848,61.56161733930231,87.93448910845032,61.41717428614396,7.963145368506829
36.505036275730866,100.0,29.205951219379536,86.46241174809195,60.67179329597214
54.11234550949635,93.09577706181281,0.0,38.08413280487327,31.427138774117935
67.21845179419732,69.85382605413258,62.04468998458129,61.783667597071855,38.63524944514759
41.980128451553945,62.684062607027606,97.61124599323878,71.04678223880093,29.376872437377717
72.51396036691344,64.1605638809287,85.25681976466763,75.18749954056055,39.80399718464975
52.9872262016239,73.0433235091475,62.61250713604177,59.84309290894588,76.97076224192682
59.166125004134464,43.5897338264287,47.18400391609496,68.55105618729345,61.04256917236239
52.96586775541206,57.36722232637979,75.75669712602082,28.186762345392168,62.24447023773954
100.0,31.96548667020339,36.581983606501694,57.46802540265843,16.67545888414709
64.73005550524132,69.18601620689503,68.47987092583682,75.25613940087148,21.976925268942615
43.84578142088199,73.64952691464934,69.12034350166579,52.28329545192513,0.0
81.45089824206377,53.30264367861127,81.32461796497536,68.94374754543355,28.81238357834492
40.58312700057955,90.3317617392206,100.0,75.14996001284317,64.13406372771317
69.1772719000951,39.93621806595786,66.63315127793288,62.51921278627576,55.33893031496742
25.806597522404488,35.64125215622323,46.802800234435026,70.72742033594514,40.56973474095752
38.436279022031385,66.04013273407949,57.437365131776126,52.5962789554462,44.55399432563894
68.93722471738246,80.84776944701878,19.080330092439397,64.69421952486326,31.22228914849189
79.76933159990821,92.31069844624164,42.71631111604072,77.76345871342755,49.09517764803569
68.4273656237994,53.74008326835908,48.99578636151171,70.51156737549495,60.3175655896123
62.68703435223519,81.41625500176332,46.470055245438964,58.61549968697703,12.682264251790542
58.977926088214225,61.30684754898727,61.35180718474189,71.58746246865269,50.992953756746964
35.42956019265145,58.892708601065245,39.90676148759159,79.43375665018588,63.648697419093345
50.60311583210583,77.9058788747601,82.66267468113837,35.20093954276035,36.69799422073261
55.78722458080425,73.74181181144155,58.004555428200334,86.54518503929437,59.014012242411674
86.1424445243783,33.62494117428351,57.795392934950485,62.619924181102846,100.0
71.87236579136923,88.57772629506613,50.786316236715805,74.80783893184369,42.91314414026216
29.73919689274532,86.84164437465412,61.41419504489754,87.15595077832364,52.866141000106474
71.4816793878959,50.739871372828475,76.15216182268796,46.05322084431255,30.238858326772167
57.29835439167367,69.12446360187336,38.92313525436019,56.648943961159254,48.62502325204101
51.461559993880826,70.8925433530893,43.521437240344355,63.383220865988726,54.20543249964608
77.23352577681736,66.69212778483033,51.31802736691338,55.459943662009145,48.89684680540276
85.61999044991902,52.09450723078244,28.39083968358927,95.75898521338894,24.606093605822863
83.62560238232398,49.91077937711507,39.97632708612705,54.291646498771314,49.12723542650902
48.21564953554723,61.54002672215398,47.5231407820175,59.11125152821013,74.24391877435274
58.81575248297571,83.10912234666856,77.23656197568,71.27022450564763,53.972715290290544
71.62526862807128,71.78480278269978,63.77634923804235,48.76560758278258,64.23974378143683
84.51090254244718,55.32894202245009,62.25897805008598,61.66910861189978,40.259760599747445
55.4165152430942,75.8905767916702,76.71975516769538,73.0792521800028,59.99800478847421
61.286820466723654,10.726232828658638,54.97782065521327,62.67423352987982,50.58535676433052
42.873300519879436,82.67778260669786,66.59022669843557,66.50581025760083,25.98178540625536
41.07586751838659,30.685151981994206,55.729121435485084,59.53068620082607,51.37042009597749
81.25051644788397,55.47606305474362,63.837971686791825,43.76847505310773,25.16606673119379
92.12480057141646,41.845941896729414,45.17930953254519,73.14549138142782,32.34239450230416
63.55979756839332,38.6957334370237,4.346022517918563,96.07892914635586,48.78656614584748
85.07065795784048,82.89488217281335,55.04585843190131,68.294426092535,50.94488546760248
72.23272050095268,53.581378376385956,89.30045899419868,71.6042258759608,21.215350698457417
52.09760490789751,68.23706987115288,78.37673884931503,79.08356408186975,66.07971542365752
72.22791211016828,61.15542958017468,79.23874466100575,47.69071205525282,56.440125566009456
95.76073132931938,70.58673489001619,85.1948758797368,95.24023453007369,30.905431287782324
64.28347921780097,63.382794039084594,59.95046700115162,71.23726074276483,14.248304071016491
96.29287311628012,38.90613996460574,62.3409455629231,94.10971038542574,42.10190841837137
12.60509791820511,79.93280275004852,44.411658300444294,56.271472071616174,36.0811257227768
81.43805008750448,53.11238150309637,51.046397167404905,97.0889907609252,47.26280914106046
66.74094136476343,33.98152582412448,71.54696529496512,80.40248790455652,37.73766677688867
59.01985299068265,54.29392710261357,84.48545761771396,76.84864137363773,4.850862785099807
66.83521553071004,89.01367623141759,54.93218193501801,71.74439126965036,37.233061233976834
25.248621707982146,77.30399135804288,48.09583617326894,64.0235421108088,38.88761777863374
60.60656224324976,55.724261580658535,58.01161509484514,87.20850653558196,57.673220495481175
72.14225143023492,55.713361322268284,71.22654847644053,70.24575791756875,31.036006507779007
94.55788089483032,56.21056907808711,26.23519404506208,36.52688474260556,78.57349346745133
54.63459563452705,99.38146370409514,7.484019030980761,50.12501661268796,6.767188986964861
48.830127942136244,68.87483814016797,45.88818931118516,65.02646796491604,71.22334995605249
54.96485912830927,69.74074964943925,31.14432662988851,72.95998373064889,40.5136205824379
83.30804235404148,80.54510217257317,46.82091565175916,67.09458417760166,62.191697446871125
71.57502219319369,66.29820486247725,54.74883298601563,87.50353263669861,46.59602968117466
54.404795924659226,57.33724137522734,48.02853500149371,36.782370175382,67.79111072050938
75.26534866226712,58.46570271647039,89.9542857583564,70.29740698408256,37.252760708943775
66.9415509869608,60.711177330546846,65.18838482125105,38.91233239380553,23.027591496443755
84.37289981065778,61.32999974282285,64.61043591143823,80.15539672774669,73.41008574542127
50.95893812245295,75.09733178546564,71.68855716895484,66.48866056892795,42.730387082357176
58.44675706804463,62.93502594453139,32.94567140882308,74.7137595523859,49.431169472484214
57.15783693735685,75.18752138988043,80.86045932324592,54.17787263056374,69.6950382808959
35.72970103735763,60.54710155804552,56.333185696219886,88.47143890652401,24.3608951581113
70.92240554129152,63.41543342568963,72.75057357930667,84.66759462494161,56.90981795278515
70.22110544359779,26.03238767842206,34.419140873116575,77.3367088481902,33.20210487074218
65.10226913284922,78.49389814464467,23.817307147646588,65.92772405018495,42.35661288711256
60.308257332497064,68.23679256616387,75.99357247655064,77.27771656472211,46.445579307685776
36.69258515899172,79.96418197747374,66.28100957414537,56.689718912202416,14.99556277106128
56.58709354469282,9.867403192513592,38.15486580413477,81.6888905443314,29.423259143591306
58.14570966946461,99.59074468605309,38.86741221195672,94.39169430918274,72.02145784826278
48.95445461556762,59.48738669320687,82.75956525712493,85.12976895966698,62.72382377169591
61.77428576667982,81.94729070127529,31.83293835691879,56.326360483081444,43.7472084534553
73.08101713629077,43.28169331174044,94.1388049716312,73.78267707636965,49.86246917025786
100.0,73.02993029112625,38.18634383774689,47.309735299861636,39.115149887270846
68.49155625663678,43.03851986287419,72.04462236338442,77.15824497881081,72.13166771655963
70.15100781445528,50.77215870747551,50.77039353352234,75.20965460580062,40.99294844411672
63.511081684676654,96.45256436960216,71.27012348381155,38.08293856748537,49.63684184269696
26.62457569401917,58.56771678625976,46.029491953487764,49.41145849740218,67.92060288284131
64.46972249101566,65.91379171723501,54.41855606640953,63.46977765209972,29.45257030308187
66.20460419882053,77.66121915239758,58.90022185870586,63.18624404574678,76.17578368993787
100.0,70.92227398350688,35.9518759728076,48.64836903329912,14.390771805132463
61.15278070437755,64.70754029258437,74.29813559924277,74.22365966963494,77.59284262225597
71.03094684667225,68.56929804439206,46.70930153762512,72.0235777430482,37.546488320960506
64.30576460589513,100.0,52.97080186251959,64.8916938883437,40.14602504349436
41.626439247609355,60.962861653395464,36.12431375861273,55.90733599746619,7.199796576341143
87.85645629030041,65.61978284086942,1.628659506503169,84.77931402266502,35.90410565244614
80.03866065373549,80.91177912813701,53.79738922279628,94.48651380941273,24.203869379462315
80.82063894086093,81.8994667932437,100.0,60.26301625845541,32.84707309253055
46.81225090410522,83.36654550008684,75.26129433375652,58.20532932552287,42.253780684222406
93.05588621872198,73.49714399652532,57.57627164584332,75.85932264659193,64.15583228945812
36.962978744154384,41.4259115708513,52.21640175741811,62.271529924048224,49.15206702801252
76.73714187600541,91.40176758141973,58.49424964186502,65.76964478938825,51.15353306802228
100.0,41.365782925663616,70.03662053385462,79.83445042759475,23.089612223088753
45.18927349738623,67.44743837430259,32.02211806320541,37.450302599883315,27.384918207945397
53.67404540794456,48.42303469965156,82.51507728271518,89.09283719764271,80.97450036702624
66.99302730175282,60.845509761326134,73.73838893970736,69.16288838926945,30.29597930473507
54.93048691767601,67.91772338546265,73.80008596557455,61.41610968700512,78.12416504114591
33.98673137867735,67.78442987810492,67.646466253814,66.57225353245681,40.13877602238267
66.37125949612054,69.59457357623512,58.43156646926778,67.3988696803283,45.04575872287008
43.7539257254779,91.04680284305564,72.80294719127004,40.30077914488119,66.40730320459859
74.47184861270364,70.16361742725164,71.01991094231032,91.91901163925178,70.43784843877313
46.61151531532394,57.605180564768325,50.21110435929748,68.6612101163299,42.78374879441825
95.99868810035079,79.35356902919042,45.38076099626818,75.08803408715801,37.235138929569224
49.334934153275256,83.41046880064353,60.24083849576371,83.22479632918468,43.881591029555736
58.55876967588649,39.90305932753414,92.07844333289412,51.6614006790352,51.75915056464237
81.27034434739339,72.75320125729745,30.73964433561418,75.57555038456366,62.826073737395106
40.3827136713209,74.62110936159617,25.714444153446323,63.7177425456193,45.08459717988303
69.54919869208258,56.64385693952015,61.62473850720337,81.5483324034639,57.377725960463074
91.14285508564856,86.76272263960915,59.119529440832395,33.964361274376074,77.76719464541881
32.85033530877545,59.29899943341452,61.81351661614898,66.41449119613969,52.62619224529569
68.69267717064608,64.26037616248776,63.36697035398701,58.35486950745661,51.233057120095566
70.19765588496847,58.88470716289035,53.08955039803429,74.91620721014648,14.621783498198646
80.6364574355462,62.280422856466416,90.7769956492458,75.52070699789124,0.0
40.26098578243836,42.267048435886366,22.78011247351666,56.677985682847584,52.76751458460337
38.59086773831447,36.0790841133027,39.77306545483459,56.6052181731833,43.10351537438255
75.43883131233795,90.70109113804949,55.72839527672096,66.22935410308273,34.70434650170516
70.93969346466372,46.7546957302701,21.849846154608322,53.653724362956666,49.87060408372689
70.00985700691753,44.154937709786466,54.13120310249443,81.47173912723403,43.79192541606184
71.9289641899395,23.238977955133137,94.5523436460164,62.09268479284086,67.55560501267797
51.399505568430186,50.49868854158896,58.45950274251116,21.488188490853737,46.72221736517956
69.64507394322007,38.18438371866503,63.07541992581103,62.002847094051106,30.061534298596648
70.86144946597362,91.55627288245464,30.276375166203234,51.383298866496446,64.80332477918577
50.71297163947264,80.17670760816742,44.44004902313149,41.89958695262487,40.657378501075954
100.0,49.61329378680097,49.74567963287339,48.20117378843884,55.53073367344614
74.47665841823576,100.0,51.01026787136285,69.75053554932752,35.45178587614399
41.173930055947025,79.6717787658487,86.19616349008291,89.2582532519717,32.003462290051274
78.1310721726766,56.153035096844796,70.26920333595274,73.01095158183968,46.683364603713926
45.50636659545357,17.01069713227568,33.5479249473853,58.29594578854817,45.256572870873704
80.74169207484904,100.0,63.42310512550411,75.29446712273125,54.59654070733666
88.17191158014808,36.98769559825527,68.96087846692927,60.654555036496134,39.62708493380515
48.58635363296579,32.38282255477595,83.08327884746787,56.88639409338968,8.272804324592052
84.26752258488644,80.40626777617352,92.77189510450421,49.53019730827225,36.34452232823223
73.25561853872996,100.0,35.66792777978689,39.97073909197249,60.876369342876316
81.4412031998898,86.91691073318933,40.16113475337256,61.76122069504888,39.05247841513787
100.0,72.15036416094247,30.33328710387844,70.52885583872211,40.07233194970904
60.09223767994259,72.70557814997515,52.85156309964641,66.45402127976176,64.72753011811875
49.925276712850206,77.36148005804554,68.25988423781936,61.34452915284226,30.760535454821543
47.209711407489536,75.66071461616177,79.72135936496025,52.8680630288515,14.143935635142007
48.68379430069123,67.06144563144876,56.3290774798645,77.7319390669595,41.787377609490115
63.45796581171792,63.87561987113377,50.963354488393435,46.92588928085464,35.316520975025256
71.82303949633288,60.873323697808594,61.33867582947229,80.41644662149561,25.67507360493492
70.53381598660039,48.42863740039983,39.6268561641395,51.9645276971724,41.492430882026184
81.54366498072048,56.94784861639807,100.0,55.96103620235144,54.83011294493567
65.26003783755814,31.52677734448306,22.631457403402706,44.53143695014917,44.81422876864369
94.07068154314634,60.229886717694505,62.06429273570594,59.97756564982981,51.13962145372476
59.70686333524088,44.205360071283486,100.0,83.60499933564766,81.26815397030846
100.0,42.13539229011612,58.14959658031995,76.2500494151033,38.14242276884872
77.51334695530012,65.23809472076262,53.81914122996712,83.65475379244856,50.566972692893394
47.856848871674345,87.05604115420279,50.136200698170605,76.35428073494298,34.81573274801731
43.582150038777755,78.52969890804164,54.03138300122703,50.34128274351409,28.07280560226054
74.64944830486371,33.73098913478282,88.20266644288367,62.707372410759085,33.301846931644604
60.53074429348298,44.18669354173392,9.33903795075085,55.5168139341206,35.42482856956623
79.28000988184183,78.93388138378788,91.73554142851916,89.28919846462465,52.18951595094251
74.4647524914709,44.31522691631042,26.672942646096807,48.85138165717902,91.98151573401515
63.54342174686254,57.95660330005356,52.133648756842874,82.29916303022577,30.679131274483193
48.0641256386319,71.90093778244193,48.55662275342944,82.28726192174031,36.66749388769075
34.70305550628271,44.56979981245456,70.94817193495584,97.2739232274574,43.73753973777504
56.06970095865958,63.89675911062728,22.84126425855755,61.445014517928044,52.91597697419494
82.12797588646944,37.98754109147232,68.16779865380275,79.39715455328259,50.2710162390957
69.28187488260409,51.17538240887815,100.0,100.0,70.68191587896234
40.08522442576024,67.75607481456566,28.01017189895817,58.117733169060855,0.0
68.46361851702363,33.32611279642995,62.1735356874287,43.43935603948225,0.0
72.70634759457674,69.92854528328718,43.436392088474605,37.91983945747578,35.08243655979702
47.32285127597734,61.64651961931974,67.36951853624679,79.4033924617813,66.94600375087418
68.07450211891056,71.94481917950866,58.421251103146545,37.86959667106266,13.687039367888076
66.16417436892,66.03045441316391,43.88728800102519,62.04289515299323,0.0
42.14059404338754,86.55452773952919,68.73319026716362,74.99701099262337,56.423588124384175
72.15574720696567,64.25404104766233,97.69565841530834,70.96280858927862,49.873144474054286
76.21569052736469,54.270700259745446,53.80011658199943,74.80711782694675,23.195831864011403
86.66102486350553,64.20135505458111,73.83467472726,71.55663769281367,25.289207985581402
86.07604104069806,71.77936452265499,29.5479949268344,88.46185301301429,25.605125607306512
37.44661264085818,62.87948126586268,36.9583997100038,52.76293790817925,47.210706349478805
46.243499201697546,62.73065044166988,68.3929381133683,57.168077784663495,32.47369447633986
75.3007053441732,49.364149619478404,90.65055262779123,55.63744887566682,54.88127837951039
75.27571901824417,50.06778348408294,65.82349367328452,81.28306898980176,0.0
75.30095372612095,36.75310510760552,51.1127233284906,82.40637741432101,27.862962697444015
100.0,93.49238137736491,57.98441091931379,75.21960510909614,22.478920781778996
76.41781021386333,39.610461762956874,30.491029852666216,86.93589867023884,39.873186432550156
87.71131280361197,49.527706439673665,71.29933717981807,49.15134612197791,34.23904483019723
84.08003526986406,49.06866921975445,77.411327371115,94.6755857848182,60.95687559791533
78.02782502611596,78.10863878499994,48.05401267767223,92.37181794739612,7.81326456679885
58.69461510719309,56.6909057907435,47.65907274929097,79.76995195593194,45.90982952661504
80.17938440986535,84.45935730812721,63.84932105234507,96.50878254033697,56.16672846423411
49.54349570924856,49.87716876361037,48.3921658071069,41.49402867715562,82.1329487312391
60.26362786519982,67.02189492002843,56.545082478231905,59.60882981979757,35.364680578130496
55.29272904341793,46.96375304132437,100.0,56.235144629088765,51.48917208705034
66.63748278772646,100.0,52.56543458358807,79.54366918011749,8.922744148752699
100.0,40.62322845746877,50.11651665553311,51.19774816636567,0.0
27.654696148165037,67.5767727840865,43.7540802760265,80.11992238939976,61.895487515634
78.72520380749027,73.40798385677778,74.3722233729986,89.92857830394742,44.88879412703859
32.74568257620697,69.44838375412697,54.01306818920173,79.12324640134399,68.57025379596845
55.56136268421133,58.66482214020125,43.71379315692863,72.54001637858401,17.531942220605018
86.77901193934733,59.66322740479833,87.06868871000627,52.19402654558802,55.39804279057505
66.28560038190926,62.788606495623974,89.23126609930002,54.45038454199417,82.37635681087707
43.445104441413875,59.353963970687204,44.790681553748485,87.99390248474667,53.394112167145316
50.693925814800636,79.34982410230838,16.93612107006644,80.46958406248532,50.531630111820974
78.59195497869352,100.0,80.16530117641229,67.37568768995929,45.171121616487
50.39266736565727,51.965147869858995,42.93814383327991,61.31344726774575,13.582370857481756
69.3291717916395,37.3435463675766,75.39376318158091,35.58707403021797,72.11145871420696
65.91143679807628,60.410923129677414,14.65771601033962,50.86636130104898,32.78284720389868
51.96799304788366,100.0,77.6371414425848,98.58270539423557,55.08966512766034
100.0,47.53385777654485,31.354217555822814,47.512710863960535,13.739313868574929
77.67838044636022,91.50410249799322,74.07681061946354,71.0316771395373,21.410806709844394
24.49714826684786,92.19861465337593,58.31400749240155,84.11910357112318,73.70174798444471
68.72908629538856,52.0354116492561,37.01333277327382,47.921237311963324,38.05395422084314
51.76427070463224,72.24169542533495,49.04520111561083,70.95536759649734,74.0655095208509
82.04866669592448,91.31113921631368,73.09900605304742,83.00664860017048,43.43538681882964
49.14958523134599,55.17570066222523,60.32967796853515,68.199989150516,8.16204454084285
62.70527117066202,58.33555351815749,70.85708557039466,100.0,62.84135199463441
75.09974557960915,51.529743548924415,100.0,41.302411857948876,33.202153644887844
82.31510388340243,43.7343788475284,23.58668454235687,84.93965647814207,58.97377627034087
40.994071858884475,50.313004188811874,93.57867664930973,65.23517220165657,45.50421735080164
58.30997528318103,39.969075198279384,60.29583062551068,80.3507224773868,14.137635441142592
55.50109377678088,62.61350242866607,38.22675093689118,75.06091442718794,48.28589530741138
51.93341534852576,48.140481840944446,28.733100233742224,56.26950084624006,88.92446284305598
100.0,66.20814641223346,53.839351402905265,71.66394227934944,54.859729170289185
73.09963421921911,33.993878368334705,78.27630246233811,38.273576777627405,43.84964493989074
39.782320913299095,67.95584417986022,55.19391935169425,77.6519600091423,66.50686803913796
83.35723894109552,77.00352130896064,91.24540846544164,72.7705354558484,49.21336930406222
100.0,26.1127584337138,26.074134818865705,78.21856269828965,49.19068460525589
85.64930521102293,68.7330182572563,57.7340431473868,84.9298932013944,23.167496556817948
34.61260068091973,84.09804186451926,30.44734422291138,73.88191744335538,49.67696051579197
55.31531854267497,40.226461663558304,65.9999014177493,70.36943071677241,65.7088683283389
90.33822298373245,92.10630296307866,77.5115225821406,53.902906613419326,28.278756957999505
50.846610687624384,69.54234216858882,48.743240539016824,56.604467781615185,73.48991642493895
73.87638856292457,49.309786596348644,0.7072951542030452,86.9877539228373,43.16587951709748
80.49268106858673,60.99615660216129,62.37685922952288,90.98136649129566,27.244609769229186
46.46139056843834,72.049884425391,67.60824813813721,64.19023301900714,64.95264153840489
63.809492878764,63.368097045423404,66.89448460915735,68.73604395605238,39.26411528523462
0.17465319861854312,71.69760786403464,85.1872082200874,53.52617000009974,60.190297749722156
44.51224717331421,45.4278753245714,34.436819047720924,86.76410952427912,39.16482735482926
59.948636972136796,65.04849483264941,72.96475431990989,78.64666917906845,43.80347712940193
40.044336360703014,36.55313905571036,84.23516527451545,99.05947898341998,54.871204086685836
97.6482260786327,59.99793089572339,18.871073151856628,53.946830765124176,50.81794115180012
36.397172440787344,45.729662453633786,65.0323401702175,61.95187361570852,5.08936439096523
56.19911026606032,48.7604610333842,46.90804371783123,71.70313476040916,22.575125198112165
67.61481154572182,84.24967715378787,56.20650119176379,78.34383260361233,63.588199695816314
93.82546578132231,81.64358217069685,65.6488826378434,64.54931779923788,42.35726822196906
36.282756976411214,72.96448617632919,47.280971589501846,54.03262255274079,34.52537394457156
88.26327504309918,42.33837023589358,43.134422258444545,82.10252046277714,17.828519694850513
65.20466122039174,56.30464790549357,58.751353184736544,79.5381658007293,23.405273574483033
45.36982697904098,83.83575859962531,34.08058934501834,53.3396143909804,4.564027200761053
74.24206948526542,64.55090444551828,34.11184716452592,89.68708481768793,42.97438562596934
68.9811939114694,100.0,72.94621222504307,86.72317934714566,33.03124838837906
52.99566245682411,69.0797211090987,32.726531226509564,70.14874395596469,25.668242180293696
66.39604169980038,65.45688409682057,72.65887502000265,69.27356579801658,43.63753149664094
57.2937280627648,56.43590364435497,68.17700844278693,76.86492433785452,52.27941261705476
67.27034690502497,64.40373628608108,20.03225196660687,54.21275087589987,86.8639586441989
78.24261349042094,59.25554294515021,43.093577648615586,68.48050366662531,14.762331608735728
96.72033632290704,74.74595618039463,84.2704068670422,33.561863286253114,68.18762086601043
40.24369002346302,79.22064170230252,36.414358314927,82.02329032804697,64.46203122030144
100.0,47.852189710856905,47.78310622919347,43.01610844093025,29.418145212465987
25.958244009549965,38.03780683596,68.16533965154173,92.05471725486399,49.06471909172062
61.964298099288335,28.948303284140664,75.2345912042171,62.7180784965368,35.847335013247694
76.76634412969153,71.14384388442579,52.46614450702109,64.61332828910118,48.71377160837478
70.61983735470065,42.13940108887027,44.854775716783884,57.95625750264791,75.18262026809101
52.546009603588125,23.247969326855312,89.29213695736718,63.39137801724678,57.112124652626264
60.83755499285449,68.99441488155736,96.25579260354674,90.69650152236858,55.17216746466884
55.139981306823344,100.0,79.5348771171995,28.19506149543873,36.39381360090715
53.21270486111577,61.89072359228192,59.87699913643053,88.431446177411,15.318866701513297
81.99204194042049,77.09283394012955,40.21815412389962,73.40837569762733,40.830635789191845
72.14030971930094,63.47292845385617,39.730223055755566,48.68765363428455,69.1321630972783
51.14180809478692,60.21998624255943,69.49531031584667,50.795001711212194,14.456642868207048
82.99199750866501,78.54337669377983,67.20476085955104,94.82228843533125,23.8982126364661
71.14599041753219,56.77505820460428,88.83516904482144,52.8718899209163,47.525354724681364
81.2572423767792,66.81306165329426,72.30990203579506,49.54639183046465,25.30690430305475
77.59257683847224,67.79056051152824,24.932233361284005,86.19703267783567,29.149531057695746
48.420099781558555,49.97437183442512,81.1428475899042,73.41684602057462,36.528028365436455
53.79637919606061,79.85676229165742,36.042666199082916,52.99319077541762,17.687651916197012
79.94587210246523,58.85072437948264,49.55263201704827,71.4659996064739,25.517563075672633
77.2074053086693,48.3965871291288,63.504404537537276,51.58795706175556,59.068558335746175
64.58196812071704,71.65717718426727,100.0,85.61314237476168,18.85260435538072
67.34654766617564,45.82757632776133,100.0,84.98193543797014,13.042557310103248
90.5532979157685,62.507260832644306,71.34790730099601,76.51209918115109,32.399500409322116
53.168572223283405,61.835858060404334,53.96967438815147,73.78657697995226,59.63911005019692
75.94194762340075,81.5461201849684,69.7591242665721,96.17900999787798,41.061563840062206
60.95614695132212,70.54456819183915,77.5284193692244,67.99498123821161,35.708378437687635
60.646375935455595,61.54951474258741,50.94531223774178,49.09001399326718,45.88717595031214
86.9755370397438,76.71979338560517,97.4946498300711,75.19158260531691,10.085851342806961
81.5083269797606,87.02373588231164,63.061556702210844,100.0,54.89411307550065
81.27019272001277,72.04058551433351,68.95034796001067,51.76384810902637,52.668700628072884
91.10957614308658,62.18634715718085,72.65033354519815,62.21659573289623,36.813830518085574
65.42007683265518,38.38694781769713,67.27490543351803,74.66313660962324,65.11849023592833
78.63905942589928,42.82795406464329,76.45669101033147,67.13752241590818,22.450078020939227
58.79466486813088,56.505955321615986,44.420429895967686,52.28314271396297,67.55817986507138
71.48332704976885,51.0287803611329,45.71736141318733,85.94972569968753,48.08987331190502
62.397138912646305,58.63451654626197,33.79660687462271,100.0,38.26894820243653
66.93991929985437,63.01969864814793,67.66902707364498,71.13810334438251,44.602527292633766
76.90314050873828,71.53446957842115,75.13660307726651,53.534907364224,42.854704683781165
48.63558633533055,60.731021994936356,68.07100305534149,43.2166315991444,69.40565792835434
100.0,70.75702958887163,94.83883353364581,72.1276156995389,23.46641745057973
44.87965237000596,63.160539466582165,57.876887585760976,85.66203749306013,29.749615217068033
40.71622774424536,26.441601805630313,72.71231642303528,75.60268394392611,65.7260578414496
88.16221747000135,45.09196291126242,33.98258072493508,67.96153854529834,33.089301296322816
80.83325387925872,59.40642399701092,49.483806545563176,58.5716535713711,63.01066154663183
77.4823963410431,40.22549462886006,73.3018306664471,50.525381876510565,78.98871966017418
77.5669101852856,72.79871713993168,76.68024643634917,81.35602122119812,36.96409946116733
64.7550645430617,89.55351498218656,51.53272715138799,82.62034594216937,58.62724653150611
47.05491257028337,83.9377133305517,56.42481645912253,43.26832341294827,21.92615437320283
66.51609116387452,58.158028323256254,24.606777573022192,93.43742365089093,60.094665961356185
51.456765769757766,88.83307046329914,50.14535758225459,77.18513953430403,48.988479719735345
84.50239466835502,64.67601422963801,77.5884295974353,90.39351432233269,54.460765643204304
62.05885236995723,55.93245251987529,70.65451035434445,46.525956024238155,32.088558559292096
48.49005606414977,50.95875205626308,69.01464587038662,46.14681351335298,11.77833168865655
58.57228316694013,56.55554564321369,59.09502111798112,65.61649104372324,55.065041294990095
73.25862908551248,55.01281726625788,58.15538948981988,76.0445508303231,3.731936950410912
53.7255089439205,65.06749200275878,43.47293493158416,96.74177316683142,38.652990155149304
48.555592088671375,64.89033165889757,73.37422524445577,79.29726262104211,63.82363732839939
69.87374422983825,62.05482836276146,67.26140477656658,64.11709957100747,48.83795471746072
69.89933142217446,69.8648870554343,68.82441465584158,51.57809267734572,83.96685289579626
54.8611364925774,83.43163294615414,46.427233461313236,87.6800091635064,65.50218305163547
55.57923388763354,79.09197443794383,10.62645576283262,52.56471318798856,31.922032233488473
69.64099874715272,35.27183656790174,82.1373596585813,94.05549687635715,45.54626759702877
36.03831317005351,16.029419571764812,47.46557596781511,63.44984560629585,44.05258594911128
36.850724512468894,78.81775840230694,39.018933191051346,93.44931316188561,13.356464733077456
50.63111557495128,37.39618342852242,73.25653606210786,78.86290064094845,26.192021670312936
60.73105696576305,57.954222765931696,49.375721921779146,65.80807216892067,33.784781860402795
71.2181513119601,40.93796553093153,81.31860044902568,59.68965805078197,4.275589942881268
94.50712433899105,29.564352123559644,71.57413089068734,62.54547396246272,45.94986936503286
82.15319246404039,71.74632910768618,73.0385251104105,74.8530670780038,40.01856310693918
61.80122940073146,75.66479288544764,27.948974353588245,69.23450393948347,11.542121973768516
64.61967584194622,51.62281278691905,84.66276767850081,58.49901747090072,53.08425730554664
44.94941270724382,15.361238741391624,63.747511687144836,65.34989743491788,59.31745489381919
64.6297372801522,52.167599931455314,49.87590293658353,69.2572324755064,49.540689577297776
59.22682722159723,69.05247209724584,61.15454628152953,33.94025448936301,38.518636495820594
71.45437120676179,35.37959176206569,18.92282487623696,75.33068983661917,56.828843035037096
48.45538112895354,65.3004785560248,66.99036185257476,52.324460404531095,58.60440720953382
75.38693028482345,61.72442271488608,35.353826819994424,49.54668154870808,51.14807139439377
95.65477826005156,72.42724699281959,28.24125371144224,41.002490446228634,28.507754991304783
62.82479703086285,64.15244663145477,24.508097903206398,39.29772003411375,50.53201531022361
73.03423444197882,44.484759064132,82.47914424977836,46.31283995020337,68.90961301650958
78.80287983422225,83.53828702996084,44.156205338758646,56.655664677912156,33.067418827765394
56.97559056228327,59.14646768551454,91.74200961816298,99.25214620042509,86.95878678264862
69.48184963620834,61.50851828882123,46.21236781284945,59.585925185676736,34.487381320292315
65.2518480156359,45.20117673668247,20.43812493295517,70.8440017002885,45.64814026680273
66.95352197097664,54.02091947855281,33.4364623211295,74.40770218410125,31.550288079873276
49.539804322890674,46.073551147515786,85.18785564015265,70.09704297945358,49.465416718405216
65.49020348517885,58.886970921378385,54.570240085393316,66.7609046283841,10.155566147294493
74.95996582490899,92.81075264256218,45.93767947720678,48.875299782412085,34.07916402366558
94.02287215590084,37.305779427235585,61.52040096876133,91.2148407724674,23.157575993028658
84.18541652170414,32.95589483821866,69.03922019568599,96.91514629820617,47.706766957845815
100.0,88.48106589488495,82.58277394985413,41.07746089403703,64.88894751017816
49.65304874223901,58.23217381126641,89.86698305764438,51.61554254581793,57.920123742291025
82.44641273441357,49.9566907041215,50.08508979264011,63.5230345219679,0.0
68.66684011476704,80.71828437312938,28.826950906195158,52.56739528143694,85.8413930585576
100.0,51.098920284736444,48.90376645528793,76.09544885529384,50.90559881241737
48.83403429289697,94.86817484384486,63.726171144823496,56.347644761494195,29.470017190139995
48.20556315638448,74.20266568410685,36.79730362336656,100.0,48.142558379818816
53.01214709111956,53.217594653377354,36.94267987230906,87.04877750949754,48.52379645005385
22.52208551380386,100.0,65.56333339409748,71.40118449011544,31.663025660968728
54.48489956638478,51.09713138593991,56.929648265450076,84.43178021311572,48.95833334684151
49.81734676892604,75.35771669616753,58.721533899054904,85.69440678971694,32.850554247593855
68.00787572952416,67.38726644731686,41.31310263659847,58.976840191068106,36.912760146199545
71.83511951554318,85.43134320917837,52.931184287473116,54.94052408732856,31.274417284898313
100.0,90.10720154108336,37.6668708260973,69.25028900751435,16.346574205206945
84.008476763721,62.5760746831838,77.58436504474531,81.78617799196711,47.91672940430768
53.46192688675194,48.4384783337687,80.77548536392256,70.22496637845468,56.705988730326766
47.03170657303284,70.27949857290409,17.383867030761934,42.768056284944045,55.297671921527446
74.83838343013011,49.80112334446209,37.55076107576698,55.15480889678652,61.398505052704685
38.59533585958715,98.24097045547921,25.07635638801826,66.81643418248996,51.486804200297364
100.0,64.45763595948928,43.69947344304824,66.78935033078672,34.34549003566193
88.58880241442574,55.42421207638204,56.16436466461206,99.56067482863693,61.79327728862378
55.616486957905906,65.32424550556836,26.10780516663234,45.82419292161603,17.8496492031613
30.73730941818245,37.75172678846546,37.719084111243106,76.08942786937399,26.986572349750396
92.07744748330825,44.510947306808276,35.912937814207034,91.82580973325264,25.715998571535106
62.70920309494764,83.60745034299966,62.55988124677677,100.0,66.6011211827862
89.75632623946923,50.17590297851488,59.52557541479751,61.52964122905662,63.855770282801515
33.11144682411266,43.15560231172509,42.12177382658042,75.8628712435232,54.746104740899895
53.012499540924544,71.65974954549115,61.890059187066754,77.11616571517835,66.43859730423594
65.10487399436366,83.34267478393394,45.97303813908016,71.12770770485265,27.41434435176024
65.93961187529484,74.9411595919712,52.02358757282683,66.4184767801711,51.97190239721961
55.99869057041513,79.92885834450469,94.81594598656781,74.97560623200073,42.49651143233672
77.45699864694997,48.37768840574971,87.49014313938765,27.484062636485035,61.93764207769828
43.64759141234811,36.40740799864681,29.409212787592853,78.9131118410021,42.69551534895605
62.15241029957413,89.02400573519876,76.25411319334184,70.01884645859147,37.30114223179838
67.40591263423798,56.19176290084155,75.85072419881503,64.44040165154776,55.8181703712198
75.28877668117498,57.48500570380915,32.738207647442394,100.0,62.523383343824655
79.2322975617778,85.90749455328304,76.01310816260693,57.201055699351166,31.633096103063966
42.507158163242615,72.01214016921188,91.83450220507616,61.55078417495951,43.77848657295248
34.317716585287556,70.20597989746894,33.30401426262289,99.86485283527574,23.831187327166944
90.55353643797018,100.0,37.814937937686196,54.68701912240229,0.0
71.64628023959183,50.416671853157425,80.38855227055706,59.198155473015376,49.009192628274576
50.03026926886893,78.70112230546226,63.97289683816425,65.6475932251064,57.17810712509264
96.02303951045046,63.02623624814752,70.13247805526952,81.45175171407278,50.24133618173451
67.31349268585717,66.83466101953863,65.49296276081093,71.32484011765301,6.008765644912657
88.58594368127653,89.51243167542557,66.59531026041917,47.3179944455638,37.98301139847051
66.35036962820217,71.14104361321323,28.817613177156176,59.485302989964964,0.633044798978375
100.0,71.6893294228934,81.04098954567186,58.28232906860462,72.3940221530837
100.0,81.30513207157644,83.73097983341101,66.76446327643127,23.27890835763828
60.02071703041853,55.43085086822806,52.95340363050339,74.81349853807727,70.10807218919793
84.43141901908712,46.89422598789788,57.04350710409503,74.69129209420755,63.917392873682914
77.90751899170294,43.1934345076214,24.315634943774114,39.58381193522557,26.988192949278766
92.37263115064698,26.605581391231965,69.31360463239237,85.0230558009737,22.3443009746451
45.70153078839791,99.01172833892579,70.58526371771117,72.04110153594597,52.00740432772677
78.72102919996878,42.14224941700971,56.63179762601516,90.15251276150249,28.11351925633858
86.16848973699176,58.0174347754561,82.73577391715105,75.10717323665075,47.04969284316415
29.825210271537713,57.01736060199943,50.65030091844131,85.6211673237722,35.34344818386163
41.3348297466845,67.53332056056381,70.4213303696592,75.46472498320203,9.376831710687334
24.21535644479799,76.68326982570734,35.56738454877346,89.53961209924397,0.3906396175108213
59.61186331110885,77.48852279047541,57.481852680766764,76.35601017628446,49.533684969891944
79.35084511591924,51.50460610575911,54.16420632613761,66.43335605691354,33.768845073387496
95.04714104192055,58.99180915184459,62.95677428490072,100.0,33.93820366171735
66.4818956083955,67.08643910878939,49.87040756566611,82.22459395647827,58.91727678187571
97.57231091142583,57.523559728696156,55.10760289522331,77.17991073607061,68.4688455326489
37.39797083570217,90.93222036835986,76.17303777171314,47.579129335386625,39.549105572763814
30.932351212896904,70.83754912948852,48.39118678075921,47.387078120583396,38.18802586180277
63.889046022067625,75.22780014889672,22.655303783749055,72.68344771426965,55.002860662277676
72.68130897878615,73.93186283601342,96.49084589251925,70.32833916429185,17.861288606008493
64.34610503811814,83.12252943473585,88.3919897311907,58.17403895986694,49.46306109495394
23.651157999202468,65.25838805666673,29.57022070767639,70.25572319379296,56.03771943644308
63.21759920974423,38.65702493679476,73.17357171539427,93.41803084869753,58.60460416835258
38.91060998990294,69.19438313154755,46.934555047870454,79.12643959280479,6.2649459499507
78.39345097660077,50.275575911747076,63.796718737283314,49.74386384395619,29.772894603821186
72.33196492193696,52.484899728504374,64.47293083829686,66.2158587657129,27.434734943530668
46.2024042734529,72.55455233759167,52.84302839304092,55.12053630635903,46.99773908818426
54.72266165326613,84.28909528580544,40.75715535709928,61.79680133746302,54.61489159535968
43.815729562220966,62.38288838124911,42.80809684904229,61.38214934992572,74.93420814891962
63.74641805453656,67.55899422678135,37.84377785941267,60.357670678335914,35.10069039263854
84.10284641002477,92.63986900343428,39.69991141893021,47.91783404842568,35.04855003381572
45.285479073289125,66.33355723079423,56.52207761891418,65.95752509570896,67.99344037757494
75.08093031035689,100.0,42.25328023956346,59.03027781044304,50.9315387706061
54.39484763255118,72.1791736213678,73.00514544567764,21.12882095996371,70.35303022375948
49.142543354753116,30.306270335195283,90.7194154173904,100.0,50.77456006019673
62.85939280090884,75.56014917988159,45.238828689859055,85.42031446746675,21.85766762573458
44.295153551612515,68.86085092789,63.26689901177829,61.97918840120006,18.33743290444387
53.927013893056355,85.21554957348943,68.99307242666454,68.30110479584957,13.96975501882142
41.04244214822303,74.11726432285926,68.38404996022403,49.253530442919015,58.24103669516946
100.0,59.50779228829207,59.671015894153925,95.13156604497385,68.77193646174015
65.70527103943458,39.962631746791416,74.3390132039139,98.35661911636979,81.98724282772761
51.005489840148286,58.237581368851544,68.60947695897445,70.5070996519444,61.8621066464648
69.27959821468444,46.6906318242326,30.771426708799446,84.37649030696551,68.25677155069971
62.753439006183406,51.55057790351499,77.121433416564,70.80458846294277,33.399673346926306
60.58060800933554,72.59441127957098,77.52039841986833,46.61239297798511,21.871683665122866
77.2833340008685,92.05828107832531,41.2077057080712,61.41082609658148,62.001586648351065
80.1501542009461,69.10408753681367,58.83463237984724,70.11084746835131,53.353615044788015
54.38997704778945,40.47410488336668,73.03323784184353,60.727236500104894,47.14888748681785
53.4836351871064,70.00284802796253,53.395095969254044,64.50154756103943,52.7474296126598
59.49896605696712,83.53936675962171,81.60551705085226,66.53760707985417,51.463709649164116
18.9615767052883,51.023907722251124,100.0,66.70594403415262,70.67633719707123
34.69617875602896,59.587690999887485,40.70830728203039,68.83613584795972,70.89971169633912
92.3374853488905,62.26438750512555,27.61701873061695,51.030318937654386,55.88440704680694
97.89935427002567,47.87183036451968,64.68400910330726,56.52774161395302,61.91605745125857
60.01927920887243,73.66904780918946,73.87437511277516,47.44665174880049,55.28125104849552
76.53113926111533,59.822933325059935,52.920939775415086,83.6450487949792,35.776605359307624
71.22500309087073,69.5515839903265,89.97173459306276,34.30964893055481,60.1312934982628
100.0,46.025140799562195,28.550672406088527,86.45744549307081,17.110098622814768
87.39149822869153,54.12575059417861,73.24420970669544,90.18159035620549,66.07783104591766
62.44164817038467,75.00286444089988,44.671061943304345,63.165110608278056,21.1095412046793
45.889191187991486,55.289003262348196,95.82631393656052,26.349806594763223,50.71606573589466
32.87107359484855,93.0853493222013,100.0,62.21903100852335,28.096920831476822
69.06927271734446,54.80654865893716,41.13355506876634,66.97305341937889,56.06777966148854
49.87298509431393,66.04432506353395,45.90974301001124,51.83042848113739,44.32149548144182
36.55492580804652,78.78663497371562,76.91093351355565,59.756505699068114,13.10488083673335
52.06854231514947,36.469416807205434,49.48312570463068,92.48312318181362,53.41399262036958
43.3690399277121,30.305441384346032,57.00095320549076,78.63883459682785,33.44158446334579
98.74283270145129,34.538186337738296,58.558545251933026,53.2069741699504,62.622934416267384
82.63279513898901,84.72651386168928,15.76719056365156,42.438413286473086,45.02651377468815
64.84054717366766,52.06655337393596,57.69556958592678,62.76772291824366,52.908419707760764
94.59888277780053,100.0,42.82598897058818,64.58469153039299,25.848620899695764
66.54736615295236,51.84354322416701,47.15129790720502,75.93918699781307,33.213355371452764
47.774315973434724,65.32192345754666,89.75990407631392,59.434932598917456,35.82722727797831
95.46248154539315,89.75797914622176,30.35684832585636,76.18399320578979,62.134049604851114
75.77820087369318,98.10967198686421,75.8905141084555,98.96246464096367,78.54754175610978
44.25507691347087,99.10706437945515,51.86281553270021,81.0480163591082,28.896564965142474
61.193226438327834,83.75059215067657,51.84527629309164,67.23058388270763,66.5369628931536
47.48763493230486,80.43312546460632,75.38818171313764,65.06959246314729,1.6064516454859614
37.34400538071328,72.6654850856213,65.4811284805156,62.29322985312206,21.11621197815421
83.52355095063282,76.01049937099948,70.55348593882968,86.89025459923431,25.824430876264504
100.0,52.078657106086396,79.30006253172294,57.96298486477915,17.949826211185552
37.02864852361718,47.27242009839847,50.711215569966896,68.72356334399971,13.328232204248401
76.25938473381142,61.939259766602866,44.530791840829494,68.81916643009737,53.25997824275595
51.98714861756346,58.93667679455129,34.12668841572844,59.97145291501549,40.718646045442775
55.25749232470608,53.84189511210904,39.840968340462986,46.04055123385439,52.58810795210219
53.15212151522262,74.53497405422087,100.0,73.16759205788269,58.80945372243026
47.72018460640368,79.1954937542692,85.38295077620931,67.02393645031387,50.31233986345067
65.97043255889653,63.59132395325325,28.27636394342353,76.00384751098511,58.15526352300748
48.38099767177924,88.59554145899472,28.905924951641456,59.46239509697333,43.609354275154615
70.40913651559677,41.44959594559691,68.60105335780682,87.53314078100877,21.26013223388511
63.99523781101726,58.514129732965074,70.03982554231527,53.97161950061049,66.15628361641592
60.22103906267181,49.09719822914951,70.07544437698202,95.39264454428628,33.21775734437746
46.848726759168045,28.40234089268492,52.39097254181865,40.03781584274782,26.28807402475148
53.46457338863335,60.51174765483141,55.240006279936196,74.95632103291025,41.441642483912034
80.10782451651512,59.8085448491009,65.21334953150586,75.60689092042597,26.74378161406974
75.01834375248761,89.24209537835836,59.889646138453266,55.27108691294588,36.651392360211354
45.44889510402898,73.354610321986,9.175391799554227,74.7903030057762,51.88107843126933
66.98664610858452,43.56463716207431,52.94440812734574,88.47229871616254,51.96683478492254
80.02774246743579,95.37366619401539,39.2690584462731,32.53089857033497,27.043398671487413
31.61189437757257,83.97860651945635,61.85465121598727,76.04391691985303,35.24589254102511
75.8672038475987,72.47775866243508,100.0,28.10766687471876,66.48666009540487
51.74752482108307,57.92328622070303,66.0845966404347,52.54936314362867,54.928002354678824
76.41197337186318,44.73009373897736,51.102346904207245,94.06666183841511,86.50130078697083
49.73481686914966,55.300278030721046,78.27963304349954,58.691487465727135,68.60256347483056
28.902357986709617,81.59747515467535,68.61913351860268,49.21792056945644,67.88586137119879
32.44915124233675,95.92255350682296,67.2420787899405,64.83299633624509,17.24262899088396
65.96169893322764,89.7783835088994,71.35071305074476,100.0,60.27720703266845
70.19445003442964,53.20071040784707,100.0,38.69308404470358,43.937863966061784
46.91366749791183,41.8468862007978,33.12045442282985,51.17904141377049,33.98036392923501
77.77184917554747,64.53595244440167,68.419905689852,91.95890693087402,48.36030681065057
31.7695987546208,30.16809141986867,37.619615140406154,97.72323749660372,63.904230692229675
63.678404027053666,67.81701885532607,70.22127821952947,66.34510041135546,55.01663182008423
40.77967600475087,59.343153446623965,37.78889674730593,48.175156759573724,27.4305239731588
51.96327784395682,53.61134296637164,48.817930100688145,100.0,59.84917827185241
65.94797342632828,33.295344789197685,51.50802188676606,93.51107826798714,32.24824915848072
47.791732694320956,71.2448019182549,79.4679678255836,78.86315180419572,49.33366237928573
57.308889115403495,52.41138488608559,78.2059977667331,55.00156241700128,38.932998650457314
85.1258561842888,40.94149695721482,30.594217718179543,67.21553054659141,40.62267496528749
53.462162609537025,10.299280160930309,59.20855044199667,65.4342387032827,60.32485950081019
81.71384224130284,61.504731709088546,42.389243195518205,73.29362087384925,24.19612560368204
42.40586290684764,93.90052874005539,30.31289196514264,91.21602301010138,83.90390148553865
75.59608355830565,91.90266586186166,53.22562489066385,82.07067265819845,8.578278614110076
93.83137241315801,53.77226738144711,51.213378653971965,50.76198276824387,33.04664633490286
15.56710999745421,51.16018291348795,100.0,90.0239432003126,52.40423779883482
49.062094890590465,70.43793660935043,67.52511615793532,73.01011424021048,56.686283328706196
76.5414425436108,44.02906209461075,27.69241498340678,78.99305273374266,42.990485588565896
60.93909227914015,67.43225419675039,45.57497190823927,91.46465374845765,43.852185939969154
72.42291746742617,75.78944501092442,80.47043249944676,50.21471600778318,53.21100170655233
52.92029626568359,84.08479802991754,100.0,67.42679074069659,40.378610450846395
66.731795749458,60.19722662336085,23.10836713076492,59.496727178252556,72.86362515869811
61.88645529215841,58.333872496814614,16.64166352694101,42.9142491941527,61.786982284632046
88.35564123319614,46.1963134383819,99.1612338581792,73.54735964167872,62.45648702011269
70.08841686602426,47.11615362728252,66.57151190215988,100.0,25.67686553259166
71.75205324150404,57.92337994577252,38.89755989871993,38.55875608790795,43.41223151188594
56.76246067755065,68.6125791226912,69.76183989469358,67.48351022320847,38.99068102558593
55.24787551855013,78.4445232721985,0.013549741628686718,78.24868696119637,24.887972486210685
56.34883624360758,47.54277888775379,58.07426114513754,69.9692512264989,52.20328367891534
72.88904284756593,88.86839424127139,65.21206580254787,66.18995115974815,34.24708484440367
56.58031038359474,57.11977518123376,78.33394306983226,47.212538184866816,58.10807659700474
70.79549713792827,61.61538870172815,35.69428904956417,71.72458788704262,23.596168742113367
100.0,48.55018977533918,59.8851175508739,55.89177636774518,79.38081225683642
82.42249406863385,18.36367531508705,37.640658226689084,32.96125272034315,27.073346828158765
58.47952935664318,77.9128171344989,63.61844262483498,87.1134755282197,49.38604674400872
89.02427844327889,75.2631901476638,38.30238090801347,83.33417311747267,60.83718620776135
56.838492539568975,56.93610397187216,49.021781538475146,68.82657562961728,33.58719139599774
24.237509296442923,63.2058329100477,36.09206131461496,71.66519501129125,62.04937286865901
44.83827378165192,71.2869059186738,72.32499732012046,85.18908820344899,20.416328043991676
27.58416157948289,33.874174576042236,76.88592456644663,71.58943450844932,74.04235398365121
57.96973031917383,52.47705180776669,52.838347460936895,82.46428087618104,45.282985299315165
65.36836758379103,76.29676423319289,58.841235889120625,63.2402847860184,33.071771840622404
98.52874624550566,39.42279038295351,26.13098887806203,88.99173981718315,39.01636455145131
71.53854747528325,67.28404277899932,51.40711374385069,73.13257161492294,61.17838538785439
60.61798942382271,37.581527516778706,56.89549842508161,71.10483109769399,33.31089416299123
81.58811162366979,70.39573968380347,100.0,47.67902258060749,30.01284621154445
20.7772938198423,61.358453318645296,33.536725432968396,72.59129366882733,40.569268048325235
69.71229116217131,32.927627313700825,90.21189925255362,54.68872132008878,21.460757744600638
80.41730387773933,82.96530838022909,79.93089301624778,57.787476375544095,81.41087815883631
35.42827508440317,48.77735161763511,64.174000898783,54.95398994694206,33.67210817570553
87.87508086413858,47.415456133741145,96.68965065229293,50.9402410896124,61.63233572360807
71.76992814988829,65.61024555015698,66.18632039735098,100.0,49.189401672955455
56.69424172198397,82.67547228971688,66.56150230469443,89.30142499181446,25.309318990360637
77.6556373221257,43.71520725838886,56.831345633614,98.72588003430818,44.880905815745415
100.0,63.11023729726349,84.9185154132098,48.43367968711098,60.68005558621496
68.6373251011699,69.71869700595032,82.12232314383944,69.14005999857427,41.23477329827387
69.96441172600672,74.4759009307366,44.235099675083326,47.30387799673447,68.86225891702055
55.81278200919512,65.17594799499005,28.976561718827117,56.86888196484698,65.43030785563728
48.003112610704164,55.3934988965002,53.53442597729554,53.3099682653348,63.37829709316659
81.60671633088491,47.10337602832305,40.39915158325178,87.83334410306499,35.80686455454006
47.878323481822655,63.550589894834744,56.60245935846219,61.66032515037184,23.40315104437026
66.43132474438785,42.701497784259075,85.22363896305106,85.09406933910427,32.72824789274411
55.44685106469767,9.41569129709707,47.93936358809062,77.6659342334163,48.92481881333441
74.57959651492784,69.85807647483801,57.05788561114535,100.0,55.91573427064711
71.67324210573896,78.27082713955151,59.2765001657847,44.328892429764416,1.5685719047910496
85.75079888515799,19.467216160246906,76.66547940851626,88.14773183658878,44.83773596776499
54.79967202290506,43.82484731522112,8.568434652338688,86.34305392641164,48.16178450646369
59.60250129413257,73.14477669809357,44.652593515163474,52.425938591567444,39.44911487368897
45.42472568435385,99.03491845481058,62.6482412301484,84.11413338357056,70.82547678031759
56.114134798477764,62.374286738157345,84.40173704139094,73.37831940841966,53.435601485017415
72.54600986089704,48.89594705787558,47.178146154863484,64.36037984074548,71.20383816161794
80.13977233290704,58.707864060112875,16.71584046707877,54.817032208448005,40.68078959299535
46.556693516447496,86.74777554466732,71.63365181125499,56.49424877681302,63.7495498501385
82.3921184021132,50.37264477575837,44.02202744583616,100.0,77.70132789055039
92.11275717609902,47.614543880295436,31.827333500012053,68.01092510331972,71.23386898545323
73.26869806447402,53.31061660072342,44.26440142630907,80.51408002450334,23.157168131425337
100.0,44.84008505134318,53.94044213157131,55.34560989331915,39.926478449152384
49.52421601792854,64.20806568790631,44.69561738015932,55.52235286045378,38.09670589100407
40.10690593377166,91.24421225245209,9.477546743820476,85.31175694799907,54.785090701526556
29.425595021914425,67.81542691608853,77.7354563315169,46.406780615175485,58.72707110029066
94.92088622978366,57.45763696172682,86.04725090813189,61.35657971351566,28.222146519485275
78.08731312708116,56.747397159520204,72.33348380946913,68.54443857715572,46.35677027833875
63.8883065817909,33.86256544346017,32.97091525065403,69.78196162944084,4.601453356877272
70.59937252639641,77.89597598864886,53.5671862531546,65.1345074397415,73.83890011603779
42.490219054032465,60.59893045376956,57.85653106495192,74.33311649753477,34.75251518646613
100.0,58.75136155536874,71.17347657036203,79.08569209308499,46.11727879688994
67.58442363950455,100.0,72.70349075179777,79.75420072734929,38.80700572023878
67.18789589209786,67.37755235058235,41.848176426873096,52.22713906131477,67.9205515002683
79.51533247797384,48.46776109828669,59.80390224109833,63.453518433139244,0.0
74.62018463473427,54.32556326830022,68.0601689015353,87.116205790031,44.66779315348182
69.47768048558262,82.67202276554158,90.02809108722886,82.31435500118195,42.88362485004604
49.190510891093766,64.03886738967977,73.4991438761439,46.034248776302974,35.92727224816635
74.42936714271991,36.1109963902874,75.35924712226142,73.62367840563523,79.52453091271265
100.0,78.54612082235366,59.84418581444594,36.348396010003036,27.253410822884575
91.90840092309955,49.97340646029811,89.03010119447708,68.75095843296592,60.43592354471322
96.86373253278794,95.71935997191582,67.01478151110894,98.36427226793563,52.12505577412167
54.7756864713763,81.44086518286367,39.05606597618145,52.83371652369622,70.23038505071031
45.20790359482838,53.94820587814248,88.87413934275419,54.65083127213469,31.656218304449894
62.48426159800704,85.05829451123203,73.35387199585861,80.22447650516575,30.340622017524822
66.11449824577389,63.22139918949326,48.25303153517339,43.315175756645665,66.92139814954797
86.88383036941897,77.34992615219996,47.451154717216646,57.87591952183938,53.50642616660221
31.150707405703614,70.72519071130054,64.52466199309676,77.54305820130804,14.101253066464828
95.59100638921228,46.76558021016427,68.19006549588687,57.85142643696955,34.213899710734594
61.839842028420215,50.41610301828568,62.34042984388654,64.22448020462446,52.72765307696122
56.4623786010516,80.5392947164609,64.84879081574347,79.90697136504055,61.75528443093178
44.75791249479665,55.97404402208227,95.39906224068037,74.74473733658498,31.415386936140898
31.902866562684615,54.73432766164406,81.57394934916749,72.26909434072643,0.0
81.46341167923829,44.80779357171164,62.19398300783054,62.57404353167938,55.46446371474066
66.46635934376808,69.6247831806823,78.70883277688463,73.92097784430328,20.593586201120484
39.20078200517892,99.12544854637662,35.28447412239413,66.0202771184039,4.653224037551773
39.09842455872768,42.784407543423086,66.7543950988298,75.32488975881256,0.0
58.28430601419743,62.435950220109646,97.80473969412841,60.04908759811235,61.27961720395483
98.38043050578786,87.41996999747772,53.20299030136778,65.07889640992734,47.57234900809933
59.8081729727279,60.56645495757713,39.352053570380136,52.16067531916778,40.486872385754964
34.93714093763788,70.14269233249522,43.65404445095267,67.43987823990022,72.78048725925524
60.085138718281115,42.87691649335616,34.02807317846745,55.02398618193848,57.746493660461454
59.54552860504659,69.70952774973767,40.735238021190526,50.17525679740811,77.32600085443833
11.062267141168569,58.63140322991812,49.848821831019364,72.13857836568621,17.145290556660072
63.91410266964375,79.74313992223753,27.077525578069874,71.40383641372256,44.30898752092073
60.38130939582644,83.37294892816553,58.343603346891264,80.52597975917716,12.665732501039713
78.92412729626837,100.0,77.85009782330624,61.10199088679842,40.412353362890656
100.0,72.43339711784436,38.02936403676775,74.5288455493881,40.02768292466645
87.53130059095514,67.864333698479,91.42424632011891,76.81276115637861,57.532272745261416
59.62222618890339,65.49891742839205,69.23742594760708,75.11638092530552,45.911277622837964
42.869481825166595,55.64300672940761,80.67277288372927,54.78954107516573,57.468142765598316
100.0,68.09270918231044,43.52763981525298,70.38981571633903,59.068802662777884
66.18436868028977,56.68277461749747,76.79955499546554,73.82624473687459,88.09857354766284
65.27858583825892,65.03229757285305,33.97745419130311,68.11485547052708,38.69406689427751
64.51749825779993,85.71675564094328,77.58544501840319,34.616357466062645,26.17954598667242
68.9616952153571,43.88223382496646,61.78046547545769,70.56783398357568,49.921672306328176
62.11279176152115,82.51781410032282,70.17152683966523,100.0,28.95439945720913
53.526759862395274,85.70807121211757,32.13691867625326,62.239371699888274,74.63921536873072
54.062821175192155,59.874766514160584,38.3084634699147,56.35076643431486,39.33563922109535
64.34493459568003,23.806611817845294,71.13902080157446,73.97357695538237,33.688472642520196
54.131504577324705,51.05920423230022,37.136343907067584,72.99805136746515,35.57368557697764
50.74308434645671,85.34590183809996,68.19053842618071,87.08376264666263,59.36834846943282
67.12860455383793,61.58837487862012,27.922968257874594,47.874109505457795,41.84506033537029
59.900455651582895,44.01255981869161,76.6598326786667,79.70208404119988,32.16666359739236
95.07985977165377,52.91405141789208,30.8844870750928,77.44675298002342,78.30703835247061
11.980603832139764,77.13116047708195,70.15059862894951,65.72565540895127,27.876603186765
86.83013703844924,71.84120422762483,71.76388054021201,73.41899708674704,45.71132148065987
89.92170384995258,57.6992222149455,42.671019994549354,84.47131970557372,58.046123032204605
23.53219535183701,55.39716058733563,70.80458447586399,81.9570460804552,12.373297791658537
58.146248118393025,54.94835331721121,63.72972979333823,49.711691006820345,54.6052100281185
57.57118268008417,45.396616679026955,46.14547916375976,81.12253098808775,23.89784649039101
36.849766105643575,91.07676241044996,35.811796950323426,66.9649823194797,61.45565561668005
49.443666248182495,56.198231554195885,14.822234783203264,69.16598556824825,25.746979761620473
42.78848309068343,83.90885337485894,65.69230104059326,69.17115185602711,58.85538063697721
100.0,89.38368893460412,23.574339030034785,65.59611217922784,67.11666132589426
83.71356786294922,79.96959616666328,60.09757238770878,87.06731995371304,62.2287305126561
90.43110189988317,54.230834371075126,52.20413924619052,66.66051264241261,50.02633296476205
79.4334412808647,69.26714162605897,72.9411410596403,50.0872619458693,40.37398114140601
42.418964575655416,61.56447908496351,51.354999011222986,61.70352230448434,33.47160847330312
54.509594674404525,45.73336650685769,50.75214870036399,70.85911546896762,74.42069381634208
74.78749122455837,67.83846707098886,74.1011554943425,87.6674365487528,31.010095596647137
40.55744382216109,40.777283759123556,65.37127663985059,77.64951495918133,24.25867852860008
79.25996860344776,83.37822899230815,64.95543105802112,54.3914355400473,58.3073787006566
60.1934920368373,53.636888648628926,68.32388697578757,100.0,29.077263936270093
57.50358384900805,65.62087380571111,24.21741328944367,72.23640497564767,25.998730050677455
79.21919936406982,67.09918168783057,74.6493509597136,88.40625180798423,16.127914756604703
73.8852662297208,57.339710473326605,71.47431346829924,65.57256906276433,35.34180321078965
57.7806766836184,72.56048842655494,35.63297117131706,76.5337479152872,43.345699522070134
88.18659606728497,53.45173418079456,52.63022957916757,81.43149607229448,49.861834553213974
43.37873344800205,77.6833513542304,57.135239672192114,87.4911153880681,64.02612488598967
77.31871213888527,37.772365755558525,55.04107074316188,84.9178928860516,55.537958473315875
76.86202515936768,64.2748324318354,65.34491926450777,81.95515200116765,41.182555608936404
58.809071213720195,96.90072198304912,89.49006920028603,62.95861230089426,41.0360864724056
71.52266044484236,43.99403615709966,81.79886800880223,58.85206332870302,55.20314937830367
39.97772847229394,49.800590530552675,29.131177744509063,73.32172016518716,70.45140325857139
83.48054038413802,71.25034129386047,71.68553978673307,82.9300491574571,47.526283989664
61.30195727114022,65.23247207491276,87.23653302977901,64.43646878757428,35.61738291579182
54.54553958961921,68.31134178692406,66.50978745516245,85.04275145143018,25.14267997828909
85.98018451673778,70.80536834265794,82.00156935409127,91.24186792777887,16.09589471175549
50.91312618914482,73.42498643411186,100.0,53.33886529482528,58.325393440870464
36.83077407272881,81.97459715521202,80.5216100143536,54.60926873925952,56.559570472791144
33.867416529521925,69.37673582471322,63.484789104118036,65.75399905751462,56.54727050213323
77.12019902691279,57.65736221686623,80.99194642986458,72.92180269102714,42.426811072958884
39.39141295007434,74.10632662164916,61.1875323281316,59.60692777972719,73.13869491783501
100.0,96.19787482811388,58.52586695226902,89.6352428618743,35.317630108303646
23.36141184232556,59.61259256511367,50.268886814297886,74.78506978429522,64.10538474414412
98.92912736580077,44.45847251592845,92.39509389430637,68.63115277185183,44.22514210020914
69.22034934405237,81.9274520471655,39.99456934927597,45.025447618103556,32.83298470641325
63.06573776259215,59.83313904883523,91.71208994291855,46.946946937159886,56.850606146355226
54.10161826382101,22.89194817174735,68.99701072228817,72.4961480045089,53.19272237367987
72.98272228704141,77.25359018870759,27.215264154357286,33.87846998152262,52.13945518533852
64.24730595150304,52.36409265282939,66.08828444581127,84.20219855430514,46.625568441123974
87.06603764033042,60.37040091852511,11.799416831664274,65.46953849004288,44.24213836566338
67.28455297324079,67.97564595024227,71.76117637028278,100.0,92.76743985740877
68.00603522923755,65.4289942360232,77.47509262575781,100.0,68.68513290392346
57.72775575572288,74.77013270850271,44.96816897565482,65.09681489203973,59.45653789971024
63.861087525578654,54.16124532974282,60.71804931102281,66.29860795949897,47.23598316406777
71.15603537784118,71.2359043671695,100.0,83.92930422403248,65.14314401193339
30.796632146867488,57.32815980348949,46.873572506237394,95.25076175868861,55.35989552782904
38.03629155788574,75.29858865597505,34.70403308475479,41.79153508102373,45.524095055480714
79.8652818804543,73.07661471223496,90.59659485417717,39.41799255432501,38.9287134946817
68.41730876255883,45.16210336319728,100.0,58.047443111129894,43.38165324674624
61.320333272946414,81.54767809115057,58.081304780652644,77.32380133078183,0.0
65.36867866130787,52.35265798794714,80.25218677898384,75.94997744812156,49.212016785952834
71.95163410723342,76.54504036906062,87.51247014167939,85.1163432797416,35.23047839779281
54.204806393812774,68.61117164122413,41.665346884155554,48.804839546155065,76.85339996565767
49.433905491953745,95.0873061823122,47.3232716219069,30.941698192497974,45.386881416235084
68.91690510195363,57.977612317306665,85.07923928940417,81.72822712483432,21.220731609300763
45.43254444769936,55.71229766987244,95.07031413158721,54.74885963255625,44.00239691743764
73.16505511428943,61.65044709402081,70.3833789238358,35.70419416978179,24.077578298749916
30.94832791524319,56.54276390898304,38.6440842229548,70.32101993535011,54.468148314249326
85.58311274651288,76.3989542349569,100.0,80.69081101149884,50.81894728678971
74.45194964826086,32.90640904814141,46.31864024813678,66.04708588605956,64.15679262216536
70.12059468627751,43.03371645536563,50.626968814228064,60.67442582108017,29.18236416610869
84.65381967891028,42.77954741157453,65.53143235877167,65.45020428566549,45.68016192456294
98.30948888925153,79.10553665552436,92.19152925572503,62.07067580158748,17.699564091467295
85.2874013003626,92.79104070647466,76.78747148414892,46.431246208957326,59.02989563849429
28.182515373367096,60.119914066325514,67.12704100796203,56.56510916815309,55.377423608802445
39.40846066528597,58.961208982579805,68.19234766259834,76.34047848022104,54.916100420551416
52.503628446086424,63.26093893603726,58.957322710156255,73.146856662024,45.03238062713882
65.52182100421668,82.91380944694743,70.27906931940714,70.68895689546912,53.29545781577582
75.35318040938246,45.30764358456967,2.349678290725336,52.07762429034593,77.08678216617193
50.48512373693069,66.29064168922613,51.474635900464435,65.09594940582933,39.298114859159725
68.73533528954157,79.55355733608374,63.30908256816918,33.166959256914325,47.77290367420169
49.89234135293355,71.01969505891722,32.677690160370844,70.85562662216624,23.277474016371805
52.76964394016103,65.41246909877738,66.49911299185432,90.86172332501708,27.63478076803335
36.866778063035554,80.01882966620855,53.50163313830532,44.41388588732631,46.95626586186615
46.535335077781916,13.341818726013727,96.62046536294078,58.62515722691592,67.07867093403814
37.966307887673324,74.20175575155633,92.60643395472684,73.26570845936207,39.87438351496855
45.48253494045335,50.22663770370637,47.75227747940042,88.04548215083975,40.28166941375752
86.07283593215679,29.04860785658378,54.681570345532705,60.82840613919761,36.86229510991251
46.01202222336114,71.20164679144965,56.373153556615364,56.92399473174566,34.30486658311354
100.0,86.72585381293324,48.0634915244883,36.49722972134267,50.89942911417643
74.86635801761778,59.52592673670155,62.290549648618786,69.6550100689297,15.05484709642711
68.69672247389748,79.1517418496529,41.31779448447301,100.0,70.61879153333456
47.832844396375734,91.02100864379562,33.12646263137442,72.43773539143481,31.69155403741079
79.00619758817983,85.66846016451285,71.69964692580591,67.64353633306058,59.438069708762825
53.487243475244526,91.51936152868507,71.84965085287983,73.15331697227177,19.600028052122482
67.44019629290723,75.35829483929406,40.30505328748016,67.82252793682237,58.376802610924365
100.0,63.35780550022867,77.6978194767772,54.991770043837924,58.43889215628995
63.078802005507,33.164615385850965,44.10528995836271,81.17247865084329,52.68404144011793
87.98546652571352,57.570875213660926,63.56963523683559,71.61218436978807,25.111429564004155
50.93647149748225,46.82156128430855,76.04756827747403,68.28181203093851,49.99096379196154
64.30023019006076,100.0,57.26052357651832,52.394143563548,21.33887630531222
100.0,58.83405537621794,68.00430006710496,88.85612691095615,39.94473489807629
52.46065884424465,64.21768652212074,46.63854783447342,78.63524392532976,65.58826201910652
100.0,71.92673676872842,53.67773516458186,59.15326660212317,60.93403854141484
79.1550387091095,62.784844034704165,53.47109252063251,84.02919765891099,45.30365885080866
53.750664482114644,92.51091872775356,41.57527637611474,60.038866585836686,25.50386848154316
77.64815478111042,50.792311488779866,54.110968411452795,55.48794411982341,57.91175424348387
84.4510889925346,65.50293419427037,23.930397424997572,55.84475012031541,45.3876247539605
77.43619924434392,48.63552945743513,47.194617562873695,39.66290315059054,0.0
33.59550560219087,38.2395947980273,51.73273914586724,75.54467808669129,60.65259652633036
50.45725648350263,50.98815636370486,52.36404544510164,38.7016819465864,44.51534332260616
60.0496272889699,61.33333765312858,52.68705619084287,48.3448986997478,69.04902495966144
63.511331417999074,54.27255995868932,56.641187603077164,34.79059185474347,23.094589623143907
77.41344195101357,49.53642236227059,68.5477133978934,66.62288491534571,0.0
68.55402001866507,36.68628565390699,77.2393756309155,65.59487263565005,50.5816771669037
38.29311282579798,60.504099692683496,43.705165009338124,62.77286058901817,50.831273533639454
72.60395702011927,34.915033267441956,31.52958118143882,51.31875688527078,11.186567447870964
77.21171490567646,75.68100734641284,35.075022930651734,49.24425994501376,25.430009082667873
76.1958089586208,63.48391555282106,47.28153573371161,75.42991781674519,100.0
86.61561451109243,35.76407300963125,50.2577310080368,59.1911690926642,38.88778771692393
81.67844309097808,56.434236613102456,41.06008654365594,73.06173314457831,59.619179527524324
74.18360158456873,48.461184699369504,29.485433386502322,53.83602102201244,31.986803452632326
63.59668577082706,67.74514118754524,47.96534179556786,70.89700388433732,3.1939420229368665
31.780781329680174,86.1281080284166,61.99138564250737,88.85244859705702,41.59483506408189
73.59236438265171,28.2468955463766,71.09064824838242,77.37865280628453,39.687908794277895
69.15375374326223,64.07046942465351,45.736692831616935,61.401378908536316,37.00243522663257
70.43157674390747,59.11760967980047,48.91404791284445,72.11518352569483,42.70718328987215
39.46502848359381,74.08412137610838,37.612637205359164,64.14935720751659,50.285365432912734
43.37886919183475,65.83753930827841,57.30833825175492,68.12608295511565,41.99766097492387
86.06305706665808,48.464552028701256,39.334570047802075,62.79022316562394,19.719876641052725
64.2088969228669,56.257029158000876,70.6088118913064,65.37063670583375,54.72369583123878
78.63001394745248,47.6715345775372,18.71093717744955,71.39349364918681,6.012564893551534
65.56636752260923,81.36812849477477,50.088147206045825,52.10626080668879,3.9928508543159964
65.59512278991491,62.38360967609496,64.62436146221833,51.74593876816034,59.78360989403136
83.76567611951995,96.22143234355414,62.0443593590951,45.78331913870062,55.140405442707134
54.679105435652524,60.90810535133683,100.0,42.39566232794064,43.85209269851928
66.92241553881966,49.248678195611674,65.69560054049397,48.523476924472334,17.091029904898562
55.75449422589915,34.75314093296911,35.91079886947577,70.55140010886606,30.841781186518492
56.31007545135369,29.543485827392992,55.89978656404039,53.715399752129855,39.74506504626992
58.816557530627215,33.48555302590118,18.92258066373806,76.21783142769755,13.082120628517732
69.44267543267426,66.8082797182067,56.22680551547126,68.555419980041,30.21942683953534
55.42502756673045,71.15705041813881,39.67276674598331,36.50393258499114,58.046606763533596
90.11512251147042,33.5385673634216,78.13858606232355,78.47960934754704,73.54610728578433
47.107853955609926,78.11068965337007,45.910113958898236,80.97277832946736,36.61130494682899
61.26256711677282,53.30490106969809,55.431149852504575,52.098197202642346,60.12976708632197
56.2053788345165,64.64227421573989,44.01772748910312,74.72306468631987,6.718798588250657
93.93955768707465,91.01997130859763,96.25472974077329,54.29602820145281,58.18902482227223
68.93109553023149,78.14310768557957,50.93265914540594,69.56272602797337,28.92103170545038
85.6368907893727,57.166448337695016,98.31625495654244,47.76802548872055,51.1469123341594
35.28879253926056,45.95853994252482,75.91133876660186,39.31029675944677,40.04495163520581
70.34100531738518,23.26732277607251,68.6054680013785,61.8749249661925,71.40828019567668
82.79261591246873,49.05524025363644,66.11212924098544,66.02033685960262,27.511287033201636
66.64567978550848,58.1996557011015,66.66354056075754,61.637124902166335,57.55212595123662
86.30960750130703,44.23076851127869,15.591203254396582,49.055511068439046,39.40985073406933
54.654230997992556,59.63737459233852,51.864565328683355,61.601615005901806,41.83389043980672
93.1869488037116,63.38333389325783,76.59347536605507,72.30871604129175,41.322922136815805
100.0,57.95259232745459,56.92426196356968,67.2817115180394,28.08653791011774
57.74322879120682,50.29995354517773,27.08582337032135,70.92001648958741,44.71802068186657
56.08994957198456,65.0357840954011,56.847102087295674,57.278156792732275,43.74703555756357
94.06768954235402,69.95493169224936,95.49032135762081,86.74748663545856,49.824804968134586
96.59144291461425,42.37281660602877,85.43161774176383,49.18122661512351,46.69010291385725
54.54279945693463,87.39678283543286,56.6359117939473,75.8009647533875,60.95989099224472
56.596263658082854,60.22541361888329,78.93188409527791,86.91025748735939,63.47017232094737
59.364307822789854,62.33929321300726,49.93684555190286,75.69452948398232,23.987533563443975
38.11098977931446,74.74785961861802,20.514825089812184,64.75961236696271,62.37545001181542
46.626961070316035,66.19789036274302,37.6617482611498,59.547247253392335,21.273271457802913
44.91718466495864,79.15645941043842,92.38355290718036,84.5774024167401,56.7571177627547
49.64404869791743,67.16823497363283,51.97215219975531,45.23240119581323,57.39477569405737
64.30630225226437,50.97612725647212,52.6455524537496,52.478011833925706,6.773662166749915
69.68429465073041,68.50706345370983,51.40355968195263,61.639075752132456,46.85958493058819
96.01000985628154,41.412928268228086,99.89100497060616,87.80246012019197,35.63007773279369
45.03291918522418,63.95407470397742,93.7710961379654,74.07628217665433,29.8246948412925
84.68644796953167,61.40186016839971,100.0,52.511267863836075,72.01704661398011
60.72022311548982,58.25389656909429,54.50100537119887,63.03507671384154,31.926417187251623
64.01072580695134,59.68632479409925,64.50373875243609,58.170829694459286,28.872461417639002
78.49638984333208,28.126717181042494,24.633863912742598,56.64337612426344,46.51389880010187
42.54555956875403,52.12295166066269,90.49255737460203,83.66223293690847,58.71179492596833
72.64819492368102,63.671208220540066,32.30884987210543,46.05210993178391,42.167028279797464
68.32904416426112,64.87741505595321,62.76906240277784,93.74049369174998,68.32741091338505
74.84902528016298,43.50184746333275,33.85934439207743,81.25167504295396,55.61951323928181
70.78337287815636,84.7827411355646,45.04492981174869,85.45378672965917,1.435773605371395
100.0,46.40885273213898,39.58022651690659,60.59296780759587,34.410660729859835
52.24520031497368,79.45022960948126,44.626744265132004,65.60094849473425,33.76315801296602
54.380060899963645,69.68949851369032,46.13930053072247,45.069570967604605,54.587219068588446
52.53718947150471,50.367908422811546,45.93808651164831,59.60540148693115,0.0
53.890457616794905,93.95559606697122,76.33334605916676,75.89847756229041,95.98019417435444
52.252257453869646,40.51453702838336,33.69301855262456,88.73700898850234,55.6205218978842
88.78033062215104,78.54477512498002,62.85191139430507,50.28549093116077,47.97753607835382
93.4100849597971,80.01048172477361,84.79510135072229,62.151905008235744,68.63135432838293
53.58507412501048,49.92883623662039,46.70967998070529,65.57921247627964,91.87308105625249
48.352888537915426,87.06437540115792,42.205784403552755,45.66737276492024,62.41493289176806
74.42831112772808,57.49916273721885,52.92845824603448,77.4615878681344,63.9762619294324
53.95553911438057,67.19648532703742,83.95395458393563,56.416154692118255,47.61380048928765
77.65863635511022,66.68579309788197,62.27036788097387,64.87375438116761,42.169484932661035
69.058460417026,59.58244265353014,46.31328551863283,60.76881004940996,35.484091119901976
34.68511770005536,76.59454891687608,68.64528632613687,55.37058390848521,28.477760165709157
95.95010402660122,76.28279696993984,33.74957270359869,67.88728023231113,31.259718006010054
100.0,30.526424481712745,72.98990922974485,64.55024674291164,17.988880713140336
52.744226190312276,85.47812437180674,66.98936076943889,62.05027388354135,43.482570986299535
57.24596880128032,32.07514421535787,51.22821363494455,56.34461405311451,11.306648455472263
70.7173078144981,80.58583167814983,39.55111243416091,73.11239473252729,48.81833048287422
71.6891357997405,82.2806924628965,38.49301970976394,94.45787629587656,44.273387839153166
78.1708854534566,42.36260425612643,69.76598139961003,70.23819572542604,47.93870596773375
100.0,54.605342816817476,85.03757105475935,83.93789143857806,34.55736859960015
61.46105545011901,42.09731596725315,43.979229565366516,45.7564491975446,100.0
49.03405510923093,58.13142145480276,68.08450747813265,70.5241830287003,72.20231800360625
37.41361543970946,56.45538288465666,12.08540559075449,50.44210689646293,20.109149998305544
50.38139920116162,76.03388958084811,45.13840992554161,44.36920115948958,49.657361748537966
64.33746054252406,85.58555743015295,57.31670347684016,56.170057480655416,32.839877141253524
100.0,87.1223085942192,37.98696482639966,87.07038935061716,24.71040546585172
54.64777401927657,51.880975521590564,37.39685975462889,83.20025325871433,18.198558577521304
69.47575903277797,58.2340062725985,43.308849757684506,71.88807555287039,53.64433381518508
64.67154207854496,31.698112540022894,64.42824002318021,43.4767910417611,31.372395298608524
88.76786546896167,47.4943388030686,53.87876159505976,64.859509577793,64.35652048050409
100.0,79.36732939575424,8.758912866850615,72.82720014242777,64.87564429060878
54.382624541593586,91.08049082386817,11.344596642028542,70.80857967325757,72.47828770422899
55.21121114963556,39.781720306161404,44.64896608714214,38.49930266430807,27.952264678517928
85.88321754138144,51.3356433352479,68.06910489317815,53.75491443168205,54.50731221384021
78.63782979252623,61.524696374739314,0.0,66.97475577362053,57.649084332846016
100.0,67.04290085875292,47.005936124664125,76.58065455227504,35.5164364979207
76.67856370651927,47.42713664141037,46.42254715661674,32.86195486240086,29.5645608521425
57.81415818425881,69.63309880035362,88.54343112058585,65.40601639232227,77.19041331551946
76.81309661384618,53.47089175272351,49.529520142317,70.28878031806323,49.54991751464107
87.17407161165815,61.73985912419098,66.42575766430042,81.59379181625941,57.71935501423476
81.40964362394729,71.83311646406659,61.10765708192419,79.085721347799,28.55847976344145
75.14548062214595,62.11560085659688,11.12753744424159,77.32114110094088,20.614310669556126
86.33349379178307,54.145053970521765,74.90055876589823,55.200951892769055,33.61100451015779
88.38591180891345,60.02702352933505,62.73872312003834,37.47196580602708,42.51957225220006
92.64317982075055,60.40946673430396,69.18191007284096,61.71115588701758,23.715599863653022
77.97419775179286,55.3398014621217,100.0,84.02610920333696,44.80310382699234
61.657638393662914,57.34167087199216,12.149515331031054,90.2952724403909,11.229896238629998
67.93427372866645,90.7756490690849,95.9433262947444,79.36878563676457,22.599051550602557
89.13017933016714,72.0965500629423,51.67615457319218,74.86945316482775,58.418224965537505
48.66128658025528,56.681354275475115,64.3212358968662,74.07423437417545,57.07581040555788
72.37346617745803,74.54517928119324,56.99873060337267,59.10210005182751,37.162464692262674
57.13322375345279,55.99124918439182,48.666800665243045,65.91903530314208,24.64471381846094
65.57489645869634,83.11624347655955,45.463675578747306,94.7051124132213,24.45192896947978
90.56903725214598,68.65355945956568,65.24919218260621,52.91907190732998,37.53463508117372
68.82198136039807,60.06856140792388,24.62217867322306,93.83646065135763,57.890369832905826
65.92873096312297,70.058904664585,74.51274168547884,62.84754952812707,63.564913826886496
37.802877180401616,33.72422926276701,48.843723092524414,89.20691374552126,35.06936529036062
79.92507132054442,41.71818555962351,33.13847454111213,45.49095984803939,21.930151480304325
77.9096836228215,40.509349884817,48.099717124092095,77.37446721863438,50.35687275732667
100.0,64.57297570574673,85.65728277097661,56.21167782483805,28.52930058748301
58.844435300939985,93.18526999073165,46.222628085643095,45.355724929213,34.63494722277595
69.38300655327878,100.0,65.88597960061165,71.49654467857513,71.50552180874075
69.9876736742151,73.48491982593363,41.918961934259585,84.1515486175355,61.54230857131536
96.5490655952695,71.01520054900023,74.67428069831963,54.48093698250406,48.159486245029036
63.09408935226096,29.580960785250696,73.08117025338449,44.01574463266558,19.561619977745544
70.58043051540679,52.23187160478761,98.66939433252105,66.53048377064071,49.227931349413176
77.15793019433079,47.8198924656517,54.13759319901726,66.60103473956511,66.25314581575053
68.73218246312716,50.824743231479914,72.71040570467395,76.77311404087197,37.487326684689286
56.071327708989436,58.973411265473786,60.15748586985678,83.19351314183182,72.0222817997343
68.88179985796616,53.502369601451704,86.50917920098632,67.04935709964009,70.85490579036414
86.47263499719544,26.372603413235822,42.18568747260793,97.68805303670821,78.27465664286947
44.4696940117788,75.4623846101156,74.39011688330018,71.58775591256467,51.10486253062706
67.65939348293752,42.690625536683484,53.716659485433006,62.457175903889606,56.74783399612025
50.997583701216534,66.3064435540007,56.587860103613046,42.214922254354754,73.28374576662179
88.90093257849685,99.33348805549952,60.0185546578642,63.79744767494132,53.94787874137951
34.536261904324505,45.45107735144438,63.5492887213869,62.61780887342182,34.97531784419574
53.82156305456823,16.454824590566062,55.44296105131692,83.36487674050352,36.02914326944277
72.54423750129041,56.85192400615801,62.72369002975158,75.39973798506966,49.77109907547478
96.31048058468681,81.81727342997428,92.71859726636805,49.130094053878125,19.188771561075626
63.68499477854024,97.2502541759707,79.67989308353481,70.7560701825766,42.134821692716145
53.896009466136036,39.8681072998565,77.12140103493172,78.74449874766485,66.93094236460507
100.0,70.94058601825739,47.978130427474845,92.44850175020532,1.1749229766943756
36.03972199167512,53.62441177795904,38.43670177897687,82.20006347862495,75.6896420358903
21.023880867598365,60.09292962252556,79.01661228123056,80.17354646898364,67.4474843740632
73.80028900106664,100.0,77.27302943565547,68.96137591384262,35.804707683390475
54.958915512947776,34.94653408888724,90.39875486652161,74.21299208677519,55.86781655743619
44.57534365738574,66.56731390690233,44.71242622867695,87.99207841129854,45.06295453812653
79.16712894598706,70.4184770917778,52.949929582072365,46.675561640325604,69.59980736877367
69.87601427542398,81.54415384890825,21.93134842444045,62.4089707645287,64.65366285539882
53.71842738526543,63.763696762476116,49.36563566666079,55.63890001990015,16.998585536339817
39.393912026582115,67.54490971107384,79.92455123274783,74.066449899618,56.745248269283536
82.44914656560289,54.95032578640776,47.73710165697965,87.6835548104126,40.88744292713505
78.00402355917322,66.84428494241193,72.09055549441813,58.44841141246282,46.656651410361995
63.01648272441234,55.82253904104661,53.80893166804815,29.755130120488992,30.43656198060369
100.0,73.18829401740891,65.12925462087433,61.40446807960848,79.96274138241671
43.598304673476946,55.34701395121459,32.75078942405532,82.6155797122785,65.80123639805151
34.48949658150522,68.78780709023935,59.87460789194582,76.60207844719807,30.204576720540654
51.16183860237511,61.47326935367039,0.0,74.85097996496921,18.307787861795347
64.08827967289004,82.26890451389903,53.888284520436336,63.52010717000832,37.28654738044304
69.86678898645384,61.074912975407244,22.129588638266917,47.53550822048342,53.690052921826116
60.175278842873404,30.085415572276133,84.53187936402995,76.24470914599148,49.80411687892446
72.04110793028593,84.71458701285185,75.10296176081926,54.651491039446,70.06265649536488
39.96921151619112,45.69681858447286,68.26676160325378,100.0,60.79839444361704
93.87529208146519,50.23220590432124,91.46213699750636,77.12811533367226,64.39138051505813
63.35697643214863,51.278096707217145,37.12383654185358,58.70962715913679,51.53710801220875
87.34591663176255,86.73988567707471,96.44199035414228,58.21783604178195,17.214025395780194
71.85450692755408,23.55786414838348,78.50821441372847,66.51289269418258,41.08602937706197
74.13506438307567,100.0,52.79578368118319,64.16796924765201,66.20179479817331
76.39534560464408,81.00902256318894,82.98364323802477,85.86934040847927,43.96954142950708
73.9541712003463,66.01830045432487,33.66154272694405,70.98265871590475,55.06180737247494
77.85445519735087,61.01190798890684,39.86068844639118,56.29389217746355,38.625033695077335
91.58305060264863,67.13997334743783,44.61102608872659,98.24705096249252,24.4037630291631
68.9304233940294,71.38020371082808,46.36249042259166,68.78893330432356,42.53311871907779
79.18007515177024,73.61388054710102,34.75573185927444,80.30143481550235,51.180948860653075
63.205286114255465,72.00088038806207,84.90782747609715,58.26837588088385,31.886245610771127
93.80234430898946,63.61245226259448,52.305203191863704,73.80985004391238,40.28577510286663
51.4721539588146,58.44790843446813,65.75510930385136,72.97775985829112,26.210735160280347
100.0,59.27708089423679,45.45226993889903,37.76561132646155,67.38489835128192
64.19684098711313,58.49165095365174,17.946727387932626,100.0,39.11088484823932
36.38449795763904,82.40786174360716,63.941261884611286,88.65031137476075,74.05511090252367
67.56208829821578,72.68402100105551,15.930390540764911,61.6448749416642,75.57495701081817
51.37896685050238,9.073004576042955,56.49005098611969,50.36368415270631,43.37908070556512
81.81287097977449,73.80621397753569,27.89706914567817,73.56098582085683,24.831025349053007
51.947520413952184,65.50525150493795,100.0,69.38716319063035,3.2820424453332535
56.07633133570441,61.663242383973845,78.04997988784388,73.69070317701167,15.559258539464167
27.209185381089384,55.006667844400056,60.32658340797257,71.06523833910543,17.5233035020268
55.953873615018466,82.23402895974824,85.80154690840271,76.09985582889482,72.56939254923009
16.52241346742087,79.05547631821145,39.38104849575382,91.15689119026891,47.31649174453892
33.32194353028554,48.08820197917504,69.95654633074204,77.08965128205834,52.79209048183976
80.20829312288595,69.32694116824163,62.39582954181169,51.20551201744094,0.5915798212974792
80.71600317301665,44.51017877825685,63.80844178934074,89.80100564339924,21.040671415654767
73.50915123569929,37.16687303379925,85.9917770023489,94.2498330158126,62.74159552892574
45.66047713741574,50.719089957380625,74.11482626115566,100.0,50.735482247651724
64.0457728771604,77.52308250288965,64.35192058215051,50.024095468166436,42.055894426288056
64.92794921818863,79.15625081676956,21.592476402977482,71.8861122104044,56.29684717200245
41.83270621614915,71.23553756175127,36.8789815038518,34.686420748976204,77.7159561227163
95.067966035343,75.05172416326394,55.30040346089407,76.85038650206735,40.57915072925899
82.54724581151342,71.29120916806926,60.05419223408633,59.22879522933164,46.38739605316139
60.58071652340672,50.45333128598686,33.13551805717368,98.77513271719926,48.8519383746261
65.53771677989062,69.77460580413093,100.0,55.60616047970269,92.84219270547985
69.16765615895105,76.40737145409828,91.36066921557861,40.97307139252381,3.0128747116194887
24.165302631514187,75.57724393664434,71.24660304863464,60.459780148759684,58.66446029577616
60.056452349588064,83.40044068654358,59.584810948242385,36.3921956605258,42.703955024818725
51.36031504004403,74.74946924961915,53.33140266217466,80.01759127211696,56.33543452368359
44.96759980210169,68.3260677357485,37.05779387951082,34.95867125989887,31.852548920105512
59.377994142280905,81.26270428969569,59.704571407414974,68.45532129893054,44.020699382831
100.0,61.52261733351692,63.670555883140516,34.75501088230085,59.2282115893099
77.8168572253402,46.12625627790108,30.681267339404265,62.87523512741373,100.0
53.57642020434406,59.06479464901225,65.35188117938775,94.29405049287254,61.16072378804143
76.45165562712317,48.591752393483915,54.58430092585553,73.77036626297271,28.03868803938983
